<?xml version="1.0" encoding="UTF-8"?>
<TrackingData>
    <Sensors>
        <Sensor subtype="FAST" type="FeatureBasedSensorSource">
            <SensorID>FeatureBasedSensorSource_0</SensorID>
            <Parameters>
                <MaxObjectsToDetectPerFrame>5</MaxObjectsToDetectPerFrame>
                <MaxObjectsToTrackInParallel>1</MaxObjectsToTrackInParallel>
            </Parameters>
            <SensorCOS>
                <SensorCosID>1f780a31636228b3272e72c47ca1348d</SensorCosID>
                <Parameters>
                    <SimilarityThreshold>0.7</SimilarityThreshold>
                    <ReferenceImage WidthMM="640" HeightMM="894">1f780a31636228b3272e72c47ca1348d.jpg</ReferenceImage>
                </Parameters>
            </SensorCOS>
        </Sensor>
    </Sensors>
    <Connections>
        <COS>
            <Name>valkyrja_1</Name>
            <Fuser type="SmoothingFuser">
                <Parameters>
                    <AlphaRotation>0.8</AlphaRotation>
                    <AlphaTranslation>1</AlphaTranslation>
                    <GammaRotation>0.8</GammaRotation>
                    <GammaTranslation>1</GammaTranslation>
                    <KeepPoseForNumberOfFrames>0</KeepPoseForNumberOfFrames>
                </Parameters>
            </Fuser>
            <SensorSource trigger="1">
                <SensorID>FeatureBasedSensorSource_0</SensorID>
                <SensorCosID>1f780a31636228b3272e72c47ca1348d</SensorCosID>
                <HandEyeCalibration>
                    <TranslationOffset>
                        <x>0</x>
                        <y>0</y>
                        <z>0</z>
                    </TranslationOffset>
                    <RotationOffset>
                        <x>0</x>
                        <y>0</y>
                        <z>0</z>
                        <w>1</w>
                    </RotationOffset>
                </HandEyeCalibration>
                <COSOffset>
                    <TranslationOffset>
                        <x>1</x>
                        <y>1.5</y>
                        <z>0</z>
                    </TranslationOffset>
                    <RotationOffset>
                        <x>0</x>
                        <y>0</y>
                        <z>0</z>
                        <w>1</w>
                    </RotationOffset>
                </COSOffset>
            </SensorSource>
        </COS>
    </Connections>
</TrackingData>
